algo,time
FOMAML_8,933.4787505
FOMAML_8,920.6389101
FOMAML_8,1001.761197
